CODIGO,NOMBRE,X,Y,Z,REGION,ACTUAL,ACTUAL,,,
SIAP-23,Sede-INDRHI,402188.0,204057.0,,OZA-NIZ,climática,Satelital,,,
SIAP-26,Valdesia,364822.4,2035372.9,,OZA-NIZ,climática,Satelital,,,
SIAP-2,Pico Duarte,290123.9,2104041.7,,YNOR,climática,Satelital,,,
SIAP-11,Don Miguel,218377.0,2158781.9,,YNOR,climática,Satelital,,,
SIAP-14,Isa,345119.9,2077242.6,,YNOR,climática,Satelital,,,
SIAP-17,Jarabacoa,331114.5,2115121.9,,YNOR,climática,Satelital,,,
SIAP-20,Tavera,320505.1,2136009.7,,YNOR,climática,Satelital,,,
SIAP-29,Arroyo Caña,346025.3,2069794.8,,YNOR,climática,Satelital,,,
SIAP-43,Mata Grande,394798.8,2121410.5,,YNOR,climática,Satelital,,,
SIAP-32,Constanza,319166.5,2091834.8,,YSUR,climática,Satelital,,,
SIAP-35,Los Valencios,258710.1,2111222.9,,YSUR,climática,Satelital,,,
SIAP-38,Guayabal-Padre las Casas,305115.3,2074694.3,,YSUR,climática,Satelital,,,
SIAP-41,San Juan km 11,273172.0,2075533.0,,YSUR,climática,Satelital,,,
SIAP-52,El 15 de Azua,302700.4,2042523.1,,YSUR,climática,Satelital,,,
SIAP-5,Juma ,354005.6,2090084.0,,YUNA,climática,Satelital,,,
SIAP-8,Los Botados,332820.0,2087095.1,,YUNA,climática,Satelital,,,
SIAP-99,Nizao Bocaina,346037.0,2065012.2,,OZA-NIZ,hidrométrica,Satelital,,,
SIAP-100,Mahoma Rosalito,355592.0,2055817.0,,OZA-NIZ,hidrométrica,Satelital,,,
SIAP-101,Mahomita el Cacao,362760.0,2049278.0,,OZA-NIZ,hidrométrica,Satelital,,,
SIAP-102,Presa de Jiguey,354652.0,2051200.0,,OZA-NIZ,hidrométrica,Satelital,,,
SIAP-103,Presa de Aguacate,360528.0,2045604.0,,OZA-NIZ,hidrométrica,Satelital,,,
SIAP-104,Presa de Valdesía,364768.0,2034070.0,,OZA-NIZ,hidrométrica,Satelital,,,
SIAP-105,Contraembalse Las Barías,366337.0,2030822.0,,OZA-NIZ,hidrométrica,Satelital,,,
SIAP-56,Jimenoa Redondo,333118.0,2104490.0,,YNOR,hidrométrica,Satelital,,,
SIAP-57,Yaque del Norte Boma,323977.0,2121535.0,,YNOR,hidrométrica,Satelital,,,
SIAP-58,Yaque del Pinar Quemado,323861.5,2111592.3,,YNOR,hidrométrica,Satelital,,,
SIAP-59,Yaque del Norte Manabao,311918.1,2110080.5,,YNOR,hidrométrica,Satelital,,,
SIAP-60,Baiguate Paso Bajito,329852.7,2108245.9,,YNOR,hidrométrica,Satelital,,,
SIAP-77,Contraembalse de Lopéz,316790.0,2136112.0,,YNOR,hidrométrica,Satelital,,,
SIAP-78,Magua Los Ramones,274822.0,2134825.9,,YNOR,hidrométrica,Satelital,,,
SIAP-79,Cidra La Cidra,256614.0,2133245.0,,YNOR,hidrométrica,Satelital,,,
SIAP-80,Cenoví en Cenoví,265920.1,2137583.5,,YNOR,hidrométrica,Satelital,,,
SIAP-81,Presa de Maguaca,236388.0,2171072.0,,YNOR,hidrométrica,Satelital,,,
SIAP-82,Presa de Chacuey,233074.0,2171684.0,,YNOR,hidrométrica,Satelital,,,
SIAP-83,Presa de Tavera,319195.0,2133408.0,,YNOR,hidrométrica,Satelital,,,
SIAP-85,Yaque del Norte Santiago,321046.0,2151267.0,,YNOR,hidrométrica,Satelital,,,
SIAP-86,Guanajuma el Cerrazö,316700.0,2131815.0,,YNOR,hidrométrica,Satelital,,,
SIAP-87,Baiguaque Los Pilones,330053.5,2129921.9,,YNOR,hidrométrica,Satelital,,,
SIAP-88,Amina Inoa,294365.0,2146498.0,,YNOR,hidrométrica,Satelital,,,
,Puente San Rafael,,,,,hidrométrica,Satelital,,,
SIAP-89,Yaque del N el Puente yapur d,283894.0,2167349.0,,YNOR,hidrométrica,Satelital,,,
SIAP-90,Gayubín Rincón,249236.0,2160450.0,,YNOR,hidrométrica,Satelital,,,
SIAP-91,Jagua el Higuero,306361.0,2129251.0,,YNOR,hidrométrica,Satelital,,,
SIAP-92,Jagua Los Limones,302502.0,2121546.0,,YNOR,hidrométrica,Satelital,,,
SIAP-93,Bao Abajo Confluencia ,282891.0,2116835.0,,YNOR,hidrométrica,Satelital,,,
SIAP-94,Bao Sabaneta,292732.0,2124733.0,,YNOR,hidrométrica,Satelital,,,
SIAP-95,Bao Agua Caliente,300398.0,2128718.0,,YNOR,hidrométrica,Satelital,,,
SIAP-96,Contraembalse Monción,281535.0,2153761.0,,YNOR,hidrométrica,Satelital,,,
SIAP-97,Mao Meseta,280743.0,2151434.0,,YNOR,hidrométrica,Satelital,,,
SIAP-98,Presa de Monción,277438.0,2147063.0,,YNOR,hidrométrica,Satelital,,,
SIAP-121,Mao  La Cidra ,256590.0,2133781.0,,YNOR,hidrométrica,Satelital,,,
SIAP-106,San Juan Sabana Alta,277664.0,2071707.0,,YSUR,hidrométrica,Satelital,,,
SIAP-107,Yaque del Sur Los Gúiros,288586.0,2047831.0,,YSUR,hidrométrica,Satelital,,,
SIAP-108,Presa de Mijo,278507.0,2086895.0,,YSUR,hidrométrica,Satelital,,,
SIAP-109,Presa de Sabaneta,258845.0,2100561.0,,YSUR,hidrométrica,Satelital,,,
SIAP-110,San Juan Paso de Lima ,257919.0,2105850.0,,YSUR,hidrométrica,Satelital,,,
SIAP-111,San Juan Los Valencios,258828.0,2111276.0,,YSUR,hidrométrica,Satelital,,,
SIAP-112,Arroyo Limón el Rodeo,261362.0,2102994.0,,YSUR,hidrométrica,Satelital,,,
SIAP-113,Yaque del Sur el Aguacate,286143.0,2086141.0,,YSUR,hidrométrica,Satelital,,,
SIAP-114,Del Medio Palomino,294047.0,2080772.0,,YSUR,hidrométrica,Satelital,,,
SIAP-115,Las Cuevas Las Guamas,308907.0,2071396.0,,YSUR,hidrométrica,Satelital,,,
SIAP-116,Guayabal La Coja,306080.0,2074394.0,,YSUR,hidrométrica,Satelital,,,
SIAP-117,Mijo el Cacheo,276897.0,2082276.0,,YSUR,hidrométrica,Satelital,,,
SIAP-118,Maguana en Maguana Arriba,263591.0,2096887.0,,YSUR,hidrométrica,Satelital,,,
SIAP-119,Yaque del Sur Presa Sabana Yegua,284192.0,2069868.0,,YSUR,hidrométrica,Satelital,,,
SIAP-61,Camú Bayacanes,333274.0,2127250.0,,YUNA,hidrométrica,Satelital,,,
SIAP-62,Masipedro Los Arroces,347240.0,2098822.0,,YUNA,hidrométrica,Satelital,,,
SIAP-63,Jima Cañada de Piedra,349177.0,2103131.0,,YUNA,hidrométrica,Satelital,,,
SIAP-64,Yuna La Verde,354228.0,20970264.0,,YUNA,hidrométrica,Satelital,,,
SIAP-65,Yuna Platanal,382929.0,21143371.0,,YUNA,hidrométrica,Satelital,,,
SIAP-66,Presa de Hatillo,370403.7,2100046.4,,YUNA,hidrométrica,Satelital,,,
SIAP-67,Blanco Los Botados,334265.0,2086668.0,,YUNA,hidrométrica,Satelital,,,
SIAP-68,Tireo La Playa,333274.0,2088663.0,,YUNA,hidrométrica,Satelital,,,
SIAP-69,Presa de Blanco,335643.0,2089009.0,,YUNA,hidrométrica,Satelital,,,
SIAP-70,Presa de  Tireito,339668.0,2086109.0,,YUNA,hidrométrica,Satelital,,,
,Presa Arroyon,,,,,hidrométrica,Satelital,,,
SIAP-72,Arroyo Blanco el Torito,346517.0,2076095.0,,YUNA,hidrométrica,Satelital,,,
SIAP-73,Yuna Piedra Los Veganos,345550.0,2080098.0,,YUNA,hidrométrica,Satelital,,,
SIAP-74,Yuna Los Quemados,345919.0,2089037.0,,YUNA,hidrométrica,Satelital,,,
SIAP-75,Maimón,346823.0,2090281.0,,YUNA,hidrométrica,Satelital,,,
SIAP-76,Presa de Rincón,351984.0,2113055.0,,YUNA,hidrométrica,Satelital,,,
SIAP-84,Camú Guanabano,335227.0,2118522.0,,YUNA,hidrométrica,Satelital,,,
SIAP-71,Presa Cabeza de Caballo,220393.0,2152706.0,,,hidrométrica,Satelital,,,
SIAP-47,El Aguacate Nagua,413327.9,2123680.5,,ATLANTICA,pluviométrica,Satelital,,,
SIAP-48,El Novillo,345002.5,2077212.8,,YUNA,pluviométrica,Satelital,,,
,Bayahibe,552155.9,2017294.6,,ESTE,pluviométrica,Satelital,,,
SIAP-4,Higuey,531471.6,2058803.0,,ESTE,pluviométrica,Satelital,,,
SIAP-27,Palo de Caja,352224.0,2049484.9,,OZA-NIZ,pluviométrica,Satelital,,,
SIAP-30,Nizao-Rancho Arriba,330711.6,2070787.2,,OZA-NIZ,pluviométrica,Satelital,,,
SIAP-1,Las Matas de Santa Cruz,342231.5,2173352.0,,YNOR,pluviométrica,Satelital,,,
SIAP-3,Manabao,211164.3,2108675.6,,YNOR,pluviométrica,Satelital,,,
SIAP-4,Loma Quemada,292214.9,2113090.6,,YNOR,pluviométrica,Satelital,,,
SIAP-6,La Pita,329019.8,2103549.1,,YNOR,pluviométrica,Satelital,,,
SIAP-7,El Arroyaso,337127.8,2104336.8,,YNOR,pluviométrica,Satelital,,,
SIAP-9,Cruz de Cuaba,319005.8,2099370.1,,YNOR,pluviométrica,Satelital,,,
SIAP-15,Jima Rincón,353218.3,2116254.3,,YNOR,pluviométrica,Satelital,,,
SIAP-16,Juan Adrián (Los Platanos),359657.6,2075037.6,,YNOR,pluviométrica,Satelital,,,
SIAP-18,Magua Monción,275219.2,2145678.8,,YNOR,pluviométrica,Satelital,,,
SIAP-19,La Cidra,255723.6,2130734.5,,YNOR,pluviométrica,Satelital,,,
SIAP-21,Los Ramones,273800.3,2134869.3,,YNOR,pluviométrica,Satelital,,,
SIAP-22,La Diferencia,285120.7,2131441.3,,YNOR,pluviométrica,Satelital,,,
SIAP-24,Resbaloso,231575.1,2149595.9,,YNOR,pluviométrica,Satelital,,,
SIAP-25,El Cajuil (Los Pomos),226502.9,2140410.4,,YNOR,pluviométrica,Satelital,,,
SIAP-28,Alto Bandera,328604.3,2080645.5,,YNOR,pluviométrica,Satelital,,,
SIAP-34,Valle de Tetero,297970.3,2211228.2,,YNOR,pluviométrica,Satelital,,,
SIAP-A2842,Mano Javier,275928.0,2093689.2,,YNOR,pluviométrica,Satelital,,,
SIAP-45,Janey,212470.2,2121086.9,,YNOR,pluviométrica,Satelital,,,
SIAP-49,Valle de Bao,284865.0,1998339.0,,YNOR,pluviométrica,Satelital,,,
SIAP-50,Loma de la Tachuela,306221.1,2116074.7,,YNOR,pluviométrica,Satelital,,,
SIAP-54,Alto La Cotorra,308397.6,2106119.0,,YNOR,pluviométrica,Satelital,,,
SIAP-13,Loma del Medio,344418.3,2084442.9,,YNOR,pluviométrica,Satelital,,,
SIAP-46,Donaja,300472.6,2119672.8,,YNOR,pluviométrica,Satelital,,,
SIAP-33,El Naranjito,313565.1,2067136.3,,YSUR,pluviométrica,Satelital,,,
SIAP-37,Los Frios,291729.8,2088123.6,,YSUR,pluviométrica,Satelital,,,
SIAP-39,Los Pinales,264012.5,2116475.7,,YSUR,pluviométrica,Satelital,,,
SIAP-40,Barahona,275011.8,2016256.7,,YSUR,pluviométrica,Satelital,,,
SIAP-44,Las Cañitas,300265.5,2086923.1,,YSUR,pluviométrica,Satelital,,,
SIAP-51,Los Jobos,353757.9,2019867.5,,YSUR,pluviométrica,Satelital,,,
SIAP-53,Los Chicharrones ,290826.2,2124639.5,,YSUR,pluviométrica,Satelital,,,
SIAP-31,El Río,328695.8,2100139.0,,YSUR,pluviométrica,Satelital,,,
SIAP-36,Juancho,261107.6,1977546.6,,YSUR,pluviométrica,Satelital,,,
SIAP-10,Mechesito,339050.7,2083227.7,,YUNA,pluviométrica,Satelital,,,
SIAP-12,La Ceiba,335918.2,2089896.3,,YUNA,pluviométrica,Satelital,,,
4426,Los Arroyos,338694.0,2060619.0,1044,,climática,Convencional,,,
4425,El Memiso,334128.0,2047925.0,536,,climática,Convencional,,,
4401,Naranjal,344301.0,2052210.0,633,,climática,Convencional,,,
3402,Medina,379729.0,2049654.0,150,,climática,Convencional,,,
3401,Engombe,394347.0,2041314.0,10,,climática,Convencional,,,
3001,El Seibo,495395.0,2075299.0,109,,climática,Convencional,,,
2603,Naranjo de China,518049.0,2067227.0,154,,climática,Convencional,,,
2401,Higuey,531750.0,2058800.0,90,,climática,Convencional,,,
,Trepada Alta,451652.0,2098275.0,227,,climática,Automática,,,
,La Peñita,466033.0,2089593.0,344,,climática,Automática,,,
3812,Santana,372330.0,2021927.0,35,,climática,Automática,,,
,Pueblo Nuevo,413380.0,2103343.0,19,,climática,Automática,,,
3316,Comate,4353288.0,2073442.0,45,,climática,Automática,,,
3105,Hato Mayor,471450.0,2074750.0,102,,climática,Automática,,,
6693,Sabana de la Mar,459086.0,2106696.0,13,,climática,Automática,,,
6688,Bayahibe,516452.0,2035231.0,50,,climática,Automática,,,
6696,Citricos Dominicanos,369223.0,2073361.0,220,,climática,Automática,,,
411,Mata Grande,291113.0,2124831.0,938,,climática,Convencional,,,
401,Jarabacoa,331104.0,2115489.0,574,,climática,Convencional,,,
404,Santiago Isa,316600.0,2151038.0,169,,climática,Convencional,,,
405,Quinigua,313974.0,2154551.0,127,,climática,Convencional,,,
402,Tavera,319992.0,2133265.0,374,,climática,Convencional,,,
1814,Barraquito,417390.0,2114331.0,19,,climática,Convencional,,,
408,La Antona,248399.0,2172455.0,44,,climática,Convencional,,,
101,Don Miguel,218295.0,2157723.0,52,,climática,Convencional,,,
602,La Isabela,287340.0,2195484.0,222,,climática,Convencional,,,
1816,José Contreras,347059.0,2153197.0,694,,climática,Convencional,,,
1815,Angelina,371919.0,2115739.0,62,,climática,Convencional,,,
1817,Los Botados,334298.0,2087219.0,951,,climática,Convencional,,,
1802,Juma Bonao,354087.0,2090395.0,196,,climática,Convencional,,,
403,San José de las Matas,296903.5,2139186.2,530,,climática,Convencional,,,
407,Santiago Rodríguez,254772.0,2155388.0,120,,climática,Convencional,,,
1002,Cuesta Barrosa,352052.0,2173698.0,10,,climática,Convencional,,,
1501,Los Jengibres,390063.0,2149752.0,15,,climática,Convencional,,,
1801,San Francisco de Macorís,369672.0,2132978.0,110,,climática,Convencional,,,
1803,El Limón,413826,2117960,8,,climática,Convencional,,,
7313,Cebú,307993.0,2139880.0,256,,climática,Automática,,,
7300,Las Placetas,301563.0,2124899.0,837,,climática,Automática,,,
7322,La Cabirma,382406.0,2099943.0,60,,climática,Automática,,,
7318,Cercadillo,269819.0,2167853.0,80,,climática,Automática,,,
7315,Diego de Ocampo,317150.0,2167007.0,951,,climática,Automática,,,
5312,Angostura,246462.0,2021823.0,45,,climática,Convencional,,,
5302,Puerto Escondido,228266.0,2027525.0,414,,climática,Convencional,,,
5313,"Guayabal, Postrer Ríos",220014.0,2058319.0,174,,climática,Convencional,,,
4904,El Peñón,268773.0,2024454.0,22,,climática,Convencional,,,
5408,Catanamatías,246093.0,2108003.0,1086,,climática,Convencional,,,
4903,"San Juan, Km. 11",273172.0,2075533.0,423,,climática,Convencional,,,
4701,El Sisal,307321.0,2036559.0,352,,climática,Convencional,,,
4915,Vallejuelo,253449.0,2064287.0,709,,climática,Convencional,,,
5401,Matayaya,227341.0,2089938.0,434,,climática,Convencional,,,
5411,Sabana Mula,230960.0,2106583.0,516,,climática,Convencional,,,
4602,Resolí,317106.0,2042257.0,,,climática,Convencional,,,
4911,El Tetero,299645.0,2089144.0,,,climática,Convencional,,,
4983,El Valle-Constanza,318457.6,2091165.3,1200,,climática,Convencional,,,
5301,Neyba,242631.0,2047791.0,10,,climática,Convencional,,,
5410,Naranjito,237540.4,2134155.9,900,,climática,Convencional,,,
4916,"Guayabal, Padre las Casas",305959.7,2074193.5,710,,climática,Convencional,,,
6699,Peralta,314694.0,2055051.0,563,,climática,Automática,,,
6701,Higuerito,222994.0,2102847.0,467,,climática,Automática,,,
5104,El Platón Villa Nizao,266934.0,1996582.0,264,,climática,Automática,,,
6692,Estebanía,326600.0,2042350.0,97,,climática,Automática,,,
7319,Las Mercedes,217865.0,2006300.0,632,,climática,Automática,,,
7307,Higuerito,254671.0,1988397.0,266,,climática,Automática,,,
,Las Lajitas,252019.0,2050322.0,169,,climática,Automática,,,
7316,Los Copeyes,243072.0,2102549.0,622.0,,climática,Automática,,,
7309,Isla Cabritos,212599.0,2047172.0,-14.0,,climática,Automática,,,
4001,El Recodo,358514.0,2031887.0,221.0,,pluviométrica,Convencional,,,
4003,Distrito de Riego,361899.0,2020373.0,199.0,,pluviométrica,Convencional,,,
3305,El Higuero,394984.0,2058398.0,13.0,,pluviométrica,Convencional,,,
3302,El Cacique,409225.0,2080762.0,37.0,,pluviométrica,Convencional,,,
3308,Los Hidalgos,430813.0,2088654.0,108.0,,pluviométrica,Convencional,,,
3002,Paso Al Medio,481750.0,2052999.0,28.0,,pluviométrica,Convencional,,,
2602,Guanito,521708.0,2059680.0,71.0,,pluviométrica,Convencional,,,
2601,Santa Lucía,506202.0,2065648.0,87.0,,pluviométrica,Convencional,,,
2301,Anamuya,539288.0,2066653.0,51.0,,pluviométrica,Convencional,,,
,Santana,360655.0,2056371.0,615.0,,pluviométrica,Convencional,,,
3003,Pedro Sánchez,484729.0,2089702.6,500.0,,pluviométrica,Convencional,,,
3303,El Cerro,418741.0,2077213.0,22.0,,pluviométrica,Convencional,,,
3301,Don Juan,399875.0,2081099.0,83.0,,pluviométrica,Convencional,,,
3307,Comatillo,435207.6,2083692.3,150.0,,pluviométrica,Convencional,,,
3314,Mata Mamón,414129.2,2056635.5,12.0,,pluviométrica,Convencional,,,
3404,Presa Isa,372444.2,2056040.2,280.0,,pluviométrica,Convencional,,,
3601,El tablazo,375297.9,2035178.9,137.0,,pluviométrica,Convencional,,,
3801,Nizao ,346815.3,2058843.2,580.0,,pluviométrica,Convencional,,,
3804,La Laguna,350914.0,2050724.8,1170.0,,pluviométrica,Convencional,,,
3806,Palo de Caja,352224.0,2049484.9,680.0,,pluviométrica,Convencional,,,
4301,Matanza ,352576.8,2019046.4,60.0,,pluviométrica,Convencional,,,
4402,Rancho del Pino,323898.7,2053354.2,860.0,,pluviométrica,Convencional,,,
4405,Las Ciénagas de Ocoa,329666.3,2055576.8,790.0,,pluviométrica,Convencional,,,
4414,La Malagueta ,340015.3,2058930.2,1220.0,,pluviométrica,Convencional,,,
4416,Pinar de Ocoa,336193.2,2050846.0,600.0,,pluviométrica,Convencional,,,
4417,El Bejucal,334134.8,2056920.8,840.0,,pluviométrica,Convencional,,,
4422,Los Ranchos,348532.1,2038815.0,720.0,,pluviométrica,Convencional,,,
4428,El Limón de Ocoa,344184.7,2045460.0,780.0,,pluviométrica,Convencional,,,
0101,Don Miguel,218929.9,2158681.0,45.0,,pluviométrica,Convencional,,,
413,PINAR QUEMADO,323776.1,2111839.1,,,pluviométrica,Convencional,,,
202,LAS MATAS DE SANTA CRUZ,237124.0,2175103.0,54.0,,pluviométrica,Convencional,,,
105,ZONA DE RIEGO DAJABON,,,,,pluviométrica,Convencional,,,
1601,Cinta Negra,398388.9,2131442.6,180.0,,pluviométrica,Convencional,,,
0451,MAO (ZONA DE RIEGO),282206.8,2163556.0,80.0,,pluviométrica,Convencional,,,
0452,PRESA DE BAO,316388.9,2136050.8,340.0,,pluviométrica,Convencional,,,
0408,LA ANTONA,348576.0,2171612.0,48.0,,pluviométrica,Convencional,,,
0427,GUAYUBIN RINCON,251165.0,2160280.0,127.0,,pluviométrica,Convencional,,,
0407,SANTIAGO RODRIGUEZ,254771.6,2155388.4,120.0,,pluviométrica,Convencional,,,
0412,MAGUA MONCION,274461.0,2146464.0,411.0,,pluviométrica,Convencional,,,
0411,MATA GRANDE,291026.5,2124268.2,1000.0,,pluviométrica,Convencional,,,
0421,CAÑEO,298980.0,2163286.0,77.0,,pluviométrica,Convencional,,,
0422,JINAMAGAO,292040.0,2161845.0,100.0,,pluviométrica,Convencional,,,
0425,PUENTE SAN RAFAEL,283513.5,2167425.0,,,pluviométrica,Convencional,,,
0434,LA CIENAGA MANABAO,304072.8,2109208.9,,,pluviométrica,Convencional,,,
0410,MANABAO,310787.0,2109259.0,917.0,,pluviométrica,Convencional,,,
0414,BOMA,325145.4,2120558.9,,,pluviométrica,Convencional,,,
0416,PINALITO,313221.8,2134699.2,,,pluviométrica,Convencional,,,
0420,HATO YAQUE,311389.2,2157782.4,,,pluviométrica,Convencional,,,
0444,REDONDO,333283.8,2102895.2,,,pluviométrica,Convencional,,,
0438,JANEY,313980.8,2120330.4,,,pluviométrica,Convencional,,,
0440,CAGUEYES,307340.0,2133499.6,,,pluviométrica,Convencional,,,
0446,LOS MONTAZOS,311258.5,2117037.1,,,pluviométrica,Convencional,,,
0447,LA CANA,235140.6,2171665.4,,,pluviométrica,Convencional,,,
0442,JUNCALITO,308427.9,2125861.5,,,pluviométrica,Convencional,,,
0448,JIMENOA,331735.0,2112656.4,,,pluviométrica,Convencional,,,
0462,ARROYO CAÑA,273202.0,2183211.0,231.0,,pluviométrica,Convencional,,,
0461,LOS LIMONES,257096.0,2186986.0,264.0,,pluviométrica,Convencional,,,
0464,LOS PINOS,285250.0,2178600.0,275.0,,pluviométrica,Convencional,,,
0458,PEÑA RANCHADERO,255566.0,2174936.0,,,pluviométrica,Convencional,,,
0459,RESBALOSO,244272.0,2143337.0,384.0,,pluviométrica,Convencional,,,
0460,LA CIDRA,256337.0,2133743.0,646.0,,pluviométrica,Convencional,,,
0465,ALBANA,299350.0,2146250.0,,,pluviométrica,Convencional,,,
457,GURABO AFUERA,272255.0,2164934.0,109.0,,pluviométrica,Convencional,,,
470,ZONA VILLA VASQUEZ,244321.0,2184039.0,49.0,,pluviométrica,Convencional,,,
471,ZONA MAO,282517.0,2163788.0,450.0,,pluviométrica,Convencional,,,
472,ZONA ESPERANZA,292266.0,2168404.0,116.0,,pluviométrica,Convencional,,,
473,ZONA SANTIAGO,,,,,pluviométrica,Convencional,,,
1057,DISTRITO LA VEGA(Yuna-Camú),340472.0,2126385.0,111.0,,pluviométrica,Convencional,,,
1001,JAMAO,347952.8,2171273.0,,,pluviométrica,Convencional,,,
1002,CUESTA BARROSA,352051.7,2173698.4,,,pluviométrica,Convencional,,,
1502,PLAYA DIAMANTE,405745.9,2165095.5,5.0,,pluviométrica,Convencional,,,
1604,AGLIPO,409150.0,2121800.0,8.0,,pluviométrica,Convencional,,,
1703,HATO VIEJO,459719.0,2131173.0,,,pluviométrica,Convencional,,,
1704,LA LAGUNA,469437.0,2130017.0,,,pluviométrica,Convencional,,,
1805,"MAIMON, EL PINO",363954,2089977,98,,pluviométrica,Convencional,,,
1808,LOS RANCHITOS,351920,2122044,56,,pluviométrica,Convencional,,,
1809,LICEY NARANJAL,340956,2137818,110,,pluviométrica,Convencional,,,
1826,"TIREO, PINALITO",327636.0,2093174.0,1209.0,,pluviométrica,Convencional,,,
1837,LA CABIRMA,381253.0,2099701.0,102.0,,pluviométrica,Convencional,,,
1838,"CENOVI, SANTA ANA",255871.0,2130230.0,89.0,,pluviométrica,Convencional,,,
1840,LOS TRES PASOS,385951,2098284,110,,pluviométrica,Convencional,,,
1842,PIEDRA BLANCA,359709.0,2085015.0,194.0,,pluviométrica,Convencional,,,
1856,EL PLACER,257110.0,2145508.0,331.0,,pluviométrica,Convencional,,,
1858,DISTR. BAJO YUNA,407952.0,2137993.0,25.0,,pluviométrica,Convencional,,,
201,Partido,232184.0,2156885.0,195.0,,pluviométrica,Convencional,,,
1821,La Ceiba de Blanco,336453.0,2089616.0,788.0,,pluviométrica,Convencional,,,
4501,Hatillo,337432.8,2034540.3,80.0,,pluviométrica,Convencional,,,
5412,Cajuilito,226190.0,2112336.0,474.0,,pluviométrica,Convencional,,,
5413,Guazumal Elías Piña,217521.0,2089170.0,426.0,,pluviométrica,Convencional,,,
5402,Pozo Hondo,237955.6,2101784.4,620.0,,pluviométrica,Convencional,,,
5403,Puertecito,235313.3,2080593.9,574.0,,pluviométrica,Convencional,,,
5407,Ranchito Macasías,224716.0,2095998.0,374.0,,pluviométrica,Convencional,,,
4703,Tábara Abajo,299655.9,2043231.3,90.0,,pluviométrica,Convencional,,,
4907,La Florida,279647.0,2083190.0,534.0,,pluviométrica,Convencional,,,
4909,Guazumal,261532.7,2091930.3,487.0,,pluviométrica,Convencional,,,
4910,Cacheo,276813.0,2081826.0,458.0,,pluviométrica,Convencional,,,
4913,Villarpando,284897.0,2064445.0,307.0,,pluviométrica,Convencional,,,
4921,Palo de Viento,257240.6,2119547.8,1490.0,,pluviométrica,Convencional,,,
4936,Gajos de la Lagunita,278335.2,2089354.4,983.0,,pluviométrica,Convencional,,,
5206,Los Olivares,,,,,pluviométrica,Convencional,,,
4937,Valle del Tetero,297290.5,2101378.5,1540.0,,pluviométrica,Convencional,,,
4947,Los Castillitos,307584.7,2095425.9,1200.0,,pluviométrica,Convencional,,,
4949,Los Corralitos,322039.0,2092299.1,1372.0,,pluviométrica,Convencional,,,
4952,Alto del Sillón,312593.1,2087164.3,1650.0,,pluviométrica,Convencional,,,
4962,Sabana Yegua,284349.1,2070062.0,335.0,,pluviométrica,Convencional,,,
4964,Monte Bonito,301209.7,2071045.0,1030.0,,pluviométrica,Convencional,,,
4965,Las Lagunas,301395.0,2078611.0,580.0,,pluviométrica,Convencional,,,
4968,El Naranjal,309875.3,2064497.9,1080.0,,pluviométrica,Convencional,,,
4977,Jaquimé,257720.6,2107144.6,695.0,,pluviométrica,Convencional,,,
4978,Los Cerros-Constanza,318659.0,2088847.0,1299.0,,pluviométrica,Convencional,,,
4981,El Chorro-Constanza,315463.0,2090875.0,1161.0,,pluviométrica,Convencional,,,
4982,El Limoncito,306481.5,2090640.1,857.0,,pluviométrica,Convencional,,,
4984,El Palmar ,284188.0,2081566.0,,,pluviométrica,Convencional,,,
4985,Palero,321752.0,2090771.0,1285.0,,pluviométrica,Convencional,,,
4988,Distrito de riego San Juan,265962.0,2080732.0,463.0,,pluviométrica,Convencional,,,
4987,Distrito de riego Barahona,275164.0,2016368.0,85.0,,pluviométrica,Convencional,,,
5101,Villa Nizao,268638.0,1993013.0,146.0,,pluviométrica,Convencional,,,
5205,Distrito de riego Pedernales,209056.0,1995705.0,6.0,,pluviométrica,Convencional,,,
5307,Los Bolos,220241.5,2062136.7,1100.0,,pluviométrica,Convencional,,,
5314,Los Guineos,242320.6,2057362.3,740.0,,pluviométrica,Convencional,,,
5316,Bartolomé,210745.8,2053079.3,10.0,,pluviométrica,Convencional,,,
5322,Majagual,255516.3,2054757.5,740.0,,pluviométrica,Convencional,,,
5323,Distrito de riego Neyba,244537.0,2045373.0,41.0,,pluviométrica,Convencional,,,
5418,Zona de riego Las Matas,234906.0,2088706.0,456.0,,pluviométrica,Convencional,,,
5419,Zona de riego Elias Piña,214806.0,2089641.0,397.0,,pluviométrica,Convencional,,,
,"Duverge, Oficina agricultura",233938.0,2033695.0,5.0,,pluviométrica,Convencional,,,
5411,Sabana Mula,230960.0,2106583.0,516.0,,pluviométrica,Convencional,,,
380011,Bocaina,346374.0,2065279.0,670.0,,Hidrométrica,Convencional,,,
400001,El Recodo,358430.1,2032129.6,199.0,,Hidrométrica,Convencional,,,
,Santana,360687.0,2056258.0,,,Hidrométrica,Convencional,,,
,Calderón,361272.0,2052689.0,,,Hidrométrica,Convencional,,,
383001,Los Cacaos,362781.0,2049167.0,,,Hidrométrica,Convencional,,,
340004,Los Corozos,381780.0,2048497.0,,,Hidrométrica,Convencional,,,
333001,Palmarejo,395795.0,2051453.0,,,Hidrométrica,Convencional,,,
333101,El Higuero,394588.0,2058698.0,,,Hidrométrica,Convencional,,,
335001,Guanuma,402270.0,2067757.0,,,Hidrométrica,Convencional,,,
330001,Don Juan,399856.0,2080913.0,,,Hidrométrica,Convencional,,,
331001,El Cacique,409254.0,2080836.0,37.0,,Hidrométrica,Convencional,,,
332101,Los Hidalgos,429996.0,2087346.0,,,Hidrométrica,Convencional,,,
332321,El Salto,436065.0,2082957.0,,,Hidrométrica,Convencional,,,
,Sierra de Agua,439101.0,2086265.0,,,Hidrométrica,Convencional,,,
Capita-1,El Tablón,445301.0,2082623.0,,,Hidrométrica,Convencional,,,
,El Puerto,453246.0,2074626.0,,,Hidrométrica,Convencional,,,
311001,Excavacion,457608.0,2060018.0,,,Hidrométrica,Convencional,,,
300002,Paso al Medio,481858.0,2052973.0,15.0,,Hidrométrica,Convencional,,,
260001,Santa Lucía,506654.0,2065639.0,67.0,,Hidrométrica,Convencional,,,
240001,El Mamey,526247.0,2064198.0,,,Hidrométrica,Convencional,,,
230001,Anamuya,537440.0,2067655.0,,,Hidrométrica,Convencional,,,
340002,Caobal,379822.0,2054438.0,,,Hidrométrica,Convencional,,,
Magua-2,Las Espinas,468257.0,2060099.0,,,Hidrométrica,Convencional,,,
261001,Guanito,521531.0,2059413.0,,,Hidrométrica,Convencional,,,
332201, Camaron,431497.0,2086635.0,,,Hidrométrica,Convencional,,,
360001,El Tablazo,376976.0,2043792.0,133.0,,Hidrométrica,Convencional,,,
, Las Barias,367579.0,2030367.0,,,Hidrométrica,Convencional,,,
Maimo-1,La Guama,535075.0,2080802.0,,,Hidrométrica,Convencional,,,
Cedro-1,El Cedro,512647.0,2096856.0,,,Hidrométrica,Convencional,,,
Yeguada-1,Miches,494972.0,2098140.0,,,Hidrométrica,Convencional,,,
200001,La Cruz,458045.0,2101362.0,8.0,,Hidrométrica,Convencional,,,
301001,Isabelita (Pedro Sánchez),4888950.0,2085250.0,130.0,,Hidrométrica,Convencional,,,
332001,El Jobo,436554.4,2066536.5,35.0,,Hidrométrica,Convencional,,,
361001,Pueblo Nuevo,375940.6,2039263.2,113.0,,Hidrométrica,Convencional,,,
380004,Rancho Arriba,345383.1,2070076.8,699.0,,Hidrométrica,Convencional,,,
187002,Avadesa II,402300.0,2102980.0,16.0,,Hidrométrica,Convencional,,,
331101,El Cerro,418752.0,2077193.0,22.0,,Hidrométrica,Convencional,,,
541002,El Corte,222927.7,2118433.7,281.0,,Hidrométrica,Convencional,,,
540001,El Corte,222841.4,2118527.3,279.0,,Hidrométrica,Convencional,,,
540002,Pedro Santana,216774.0,2114592.0,,,Hidrométrica,Convencional,,,
543401,Sonador,228369.0,2070350.0,735.0,,Hidrométrica,Convencional,,,
543003,Las Dos Bocas,196880.0,2097012.0,,,Hidrométrica,Convencional,,,
543002,Ranchitos,224863.0,2095205.3,328.0,,Hidrométrica,Convencional,,,
543001,Puertecito,234338.0,2083870.0,,,Hidrométrica,Convencional,,,
542001,Cajuilito,226694.0,2111916.0,,,Hidrométrica,Convencional,,,
543101,Pozo Hondo,238567.0,2103759.0,,,Hidrométrica,Convencional,,,
543201,Los Guineos,221671.2,2071561.3,780.0,,Hidrométrica,Convencional,,,
532001,Puerto Escondido,232311.0,2032665.0,425.0,,Hidrométrica,Convencional,,,
534001,Conuquitos,222376.9,2055736.4,118.0,,Hidrométrica,Convencional,,,
493902,Jaquimé,257120.0,2106921.0,,,Hidrométrica,Convencional,,,
493204,El Cacheo,277135.0,2081560.0,,,Hidrométrica,Convencional,,,
493701,Jínova,268335.0,2086480.0,,,Hidrométrica,Convencional,,,
493904,Jaquimé,257695.0,2106921.0,,,Hidrométrica,Convencional,,,
493601,Hato Viejo,257695.0,2106748.0,,,Hidrométrica,Convencional,,,
493201,El Cacheo,276870.0,2082377.0,,,Hidrométrica,Convencional,,,
491006,Palomino,292444.0,2080415.0,,,Hidrométrica,Convencional,,,
492002,La Guama,308617.0,2072021.0,,,Hidrométrica,Convencional,,,
493005,El Rosario,268346.0,2074724.0,,,Hidrométrica,Convencional,,,
493002,Guazumal,261588.0,2091952.0,,,Hidrométrica,Convencional,,,
493003,Arroyo Gajitos,257305.0,2106719.0,,,Hidrométrica,Convencional,,,
493004,Jaquimé,257650.0,2007000.0,,,Hidrométrica,Convencional,,,
493006,Paso de Lima,258050.0,2105850.0,,,Hidrométrica,Convencional,,,
493007,Sabana Alta,277571.0,2071720.0,,,Hidrométrica,Convencional,,,
493104,El Rodeo,261294.0,2102976.0,,,Hidrométrica,Convencional,,,
493802,Vallejuelo,255631.0,2064424.0,,,Hidrométrica,Convencional,,,
490009,El Palmar,284447.0,2081162.0,,,Hidrométrica,Convencional,,,
462001,Carrizal,307833.5,2051019.2,270.0,,Hidrométrica,Convencional,,,
490001,"El Puente, Los Bancos",282476.0,2066726.0,,,Hidrométrica,Convencional,,,
490014,Los Guiros,2891634.0,2048022.0,,,Hidrométrica,Convencional,,,
490006,Conuquito,272730.0,2037074.1,33.0,,Hidrométrica,Convencional,,,
490003,Palo Alto,270239.0,2024666.0,,,Hidrométrica,Convencional,,,
490002,Villarpando,283722.0,2063214.0,,,Hidrométrica,Convencional,,,
492002,La Guama,308850.0,2071450.0,770.0,,Hidrométrica,Convencional,,,
509001,San Rafael I,273674.0,1994713.0,,,Hidrométrica,Convencional,,,
509002,San Rafael II,273384.0,1995024.0,,,Hidrométrica,Convencional,,,
509101,San Rafael ,273027.0,1994782.0,,,Hidrométrica,Convencional,,,
520002,Paso Sena,210118.0,2002462.0,,,Hidrométrica,Convencional,,,
10001,Don Miguel,218929.9,2158681.0,45.0,,Hidrométrica,Convencional,,,
10002,La Aduana,215386.9,2163444.8,23.0,,Hidrométrica,Convencional,,,
20001,La Espensa,232035.4,2166788.6,80.0,,Hidrométrica,Convencional,,,
40001,Manabao,312040.7,2110632.8,85.0,,Hidrométrica,Convencional,,,
40002,Pinar Quemado,323921.1,2111714.7,568.0,,Hidrométrica,Convencional,,,
40004,Las Charcas,320029.5,2146931.0,164.0,,Hidrométrica,Convencional,,,
40006,Cañeo,291928.0,2162056.7,80.0,,Hidrométrica,Convencional,,,
40007,Jinamagao,291901.7,2162303.0,65.0,,Hidrométrica,Convencional,,,
40008,Puente San Rafael,283513.5,2167938.6,50.0,,Hidrométrica,Convencional,,,
40010,Palo verde,231369.8,2186490.8,11.0,,Hidrométrica,Convencional,,,
40015,Puente Guayubin,248551.4,2175809.7,25.0,,Hidrométrica,Convencional,,,
40017,Boma,324884.5,2120776.6,435.0,,Hidrométrica,Convencional,,,
40018,Los Velazquitos,323641.6,2125216.5,375.0,,Hidrométrica,Convencional,,,
40019,Dique Juan Gómez,246613.1,2178882.9,23.0,,Hidrométrica,Convencional,,,
40020,Peña Ranchadero,254161.7,2174747.1,28.0,,Hidrométrica,Convencional,,,
41001,Hato Viejo ,328204.0,2116440.0,492.0,,Hidrométrica,Convencional,,,
41002,Casa de Máquina,331735.0,2112656.0,555.0,,Hidrométrica,Convencional,,,
41003,Redondo,333284.0,2102895.0,975.0,,Hidrométrica,Convencional,,,
41202,Paso Bajito,329883.0,2108307.0,978.0,,Hidrométrica,Convencional,,,
41740,Mata Grande,325347.0,2123294.0,980.0,,Hidrométrica,Convencional,,,
42001,Bao,311187.6,2135642.7,308.0,,Hidrométrica,Convencional,,,
42002,Sabana Iglesia,316539.5,2136510.5,230.0,,Hidrométrica,Convencional,,,
42005,Aguas Caliente,300487.1,2129052.5,542.0,,Hidrométrica,Convencional,,,
42006,Sabaneta,292755.1,2124679.1,737.0,,Hidrométrica,Convencional,,,
42101,Pinalito,315175.0,2134433.0,283.0,,Hidrométrica,Convencional,,,
42102,El Higuero,306361.0,2129251.0,241.0,,Hidrométrica,Convencional,,,
42201,Guanajuma,316590.0,2132851.0,315.0,,Hidrométrica,Convencional,,,
42202,El Cerrazo,318924.0,2135533.0,490.0,,Hidrométrica,Convencional,,,
42203,Bejucal ,317562.0,2121924.0,605.0,,Hidrométrica,Convencional,,,
42301,Los Pilones,313294.0,2130301.0,438.0,,Hidrométrica,Convencional,,,
42801,La Fortaleza,309286.0,2138092.0,442.0,,Hidrométrica,Convencional,,,
42901,Jamamú,296679.0,2125465.0,675.0,,Hidrométrica,Convencional,,,
43002,Potrero,294256.0,2153972.0,115.0,,Hidrométrica,Convencional,,,
43101,Inoa,294188.7,2137795.3,373.0,,Hidrométrica,Convencional,,,
44001,Bulla,281734.3,2148613.4,145.0,,Hidrométrica,Convencional,,,
44002,Chorrera,281151.6,2153510.9,108.0,,Hidrométrica,Convencional,,,
45002,La Antona,248006.0,2172341.0,38.0,,Hidrométrica,Convencional,,,
45301,Cana Chapetón,367970.0,2167701.0,59.0,,Hidrométrica,Convencional,,,
47002,Paso de la Palma,236105.0,2167867.0,60.0,,Hidrométrica,Convencional,,,
47003,Santa Cruz,235522.0,2171814.0,47.0,,Hidrométrica,Convencional,,,
60001,Imbert,307889.0,2184883.0,108.0,,Hidrométrica,Convencional,,,
60002,El Estrecho,296634.0,2191129.0,40.0,,Hidrométrica,Convencional,,,
100002,Los Brazos,349991.0,2174546.0,15.0,,Hidrométrica,Convencional,,,
100003,Yásica,331851.9,2172462.7,120.0,,Hidrométrica,Convencional,,,
101001,Jamao,349963.0,2171256.0,34.0,,Hidrométrica,Convencional,,,
103001,Sonador,338570.0,2167942.0,190.0,,Hidrométrica,Convencional,,,
150001,Los Jengibres,390063.0,2149752.0,17.0,,Hidrométrica,Convencional,,,
160003,Cinta Negra,398509.0,2132118.0,39.0,,Hidrométrica,Convencional,,,
170001,Valle de Samaná,465250.0,2120800.0,35.0,,Hidrométrica,Convencional,,,
180001,Los Quemados,346392,2089499,250,,Hidrométrica,Convencional,,,
180003,Villa Riva,404780,2119849,10,,Hidrométrica,Convencional,,,
180004,El Limón ,413855,2117960,8,,Hidrométrica,Convencional,,,
180007,Los Plátanos,370463,2100231,65,,Hidrométrica,Convencional,,,
180010,El pino de Yuna,346538,2078829,582,,Hidrométrica,Convencional,,,
180011,Piedra los Veganos,344921,2081548,470,,Hidrométrica,Convencional,,,
180012,La Jagua,390300.0,2116100.0,25.0,,Hidrométrica,Convencional,,,
181001,El Torito,346532,2074494,760,,Hidrométrica,Convencional,,,
181101,Los Arroces,377056.0,2099025.0,218.0,,Hidrométrica,Convencional,,,
182001,Los Guázaros,339600.0,2085900.0,630.0,,Hidrométrica,Convencional,,,
183101,Pinalito,364216,2089883,96,,Hidrométrica,Convencional,,,
183102,Tireo,334796,2088768,660,,Hidrométrica,Convencional,,,
184001,Maimón,364216,2089883,96,,Hidrométrica,Convencional,,,
184003,El pino de Yuna,346538,2078829,582,,Hidrométrica,Convencional,,,
185001,Bayacanes,333211,2127186,130,,Hidrométrica,Convencional,,,
185002,Ranchito,351920,2122044,56,,Hidrométrica,Convencional,,,
185003,La Bija,381251,2117834,28,,Hidrométrica,Convencional,,,
185501,"Cenoví, Los Limones",358300.0,2136400.0,,,Hidrométrica,Convencional,,,
185502,Santa Ana ,358469,2133983,81,,Hidrométrica,Convencional,,,
185602,La Boca,363099,2128537,61,,Hidrométrica,Convencional,,,
188002,Los Tres Pasos,386400.0,2098500.0,77.0,,Hidrométrica,Convencional,,,
188003,La Cabirma,382600.0,2098400.0,46.0,,Hidrométrica,Convencional,,,
3801,Nizao,346815.0,2058843.0,580.0,,climática,Convencional,,,
3802,Valdesia,364737.0,2035865.0,160.0,,climática,Convencional,,,
3809,Quijá Quieta,345738.0,2016148.0,19.0,,climática,Convencional,,,
3315,Triple Ozama,400744.0,2080407.0,50.0,,climática,Convencional,,,
3006,Piedra Blanca,505774.0,2081909.0,140.0,,climática,Convencional,,,
6691,La Guama,535700.0,2079800.0,20.0,,climática,Convencional,,,
6702,El Jobo,,,,,climática,Convencional,,,
3004,El Peñón ,473250.0,2040800.0,15.0,,climática,Convencional,,,
3101,Excavación,458000.0,2059700.0,25.0,,climática,Convencional,,,
1843,Aguacate,413728.0,2124679.0,16.0,,climática,Convencional,,,
,Mata Bonita,393351.0,2150438.0,33.0,,climática,Convencional,,,
1003,La Cumbre ,329946.0,2161995.0,600.0,,climática,Convencional,,,
1806,Hatillo-Yuna,368090,2095481,80,,climática,Convencional,,,
1830,El Novillo,344802,2077829,1225,,climática,Convencional,,,
1852,Casabito,337619,2103717,1420,,climática,Convencional,,,
7311,El Rodeo,238633.0,215440.0,181.0,,climática,Convencional,,,
7310,Naranjo Dulce,371427.0,2139304.0,176.0,,climática,Convencional,,,
7317,La Caoba,345242.0,2167308.0,342.0,,climática,Convencional,,,
7312,El Gómez,236063.0,2195899.0,98.0,,climática,Convencional,,,
7306,La Cueva,386314.0,2106054.0,71.0,,climática,Convencional,,,
7323,El Bombillo,365672.0,2150608.0,377.0,,climática,Convencional,,,
7321,Los Cajuiles,388448.0,2164669.0,104.0,,climática,Convencional,,,
4901,Valle Nuevo,322657.6,2080393.4,2300.0,,climática,Convencional,,,
4902,Constanza ,319254.0,2091943.0,1219.0,,climática,Convencional,,,
4924,Los Valencios,258850.0,2111944.0,1160.0,,climática,Convencional,,,
4986,Barahona,277615.0,2015150.0,,,climática,Convencional,,,
5323,Lago Enriquillo,215256.3,2054426.5,-41.0,,climática,Convencional,,,
4705,Cruce del Quince,302624.0,2042530.0,136.0,,climática,Automática,,,
6689,Yayas de Viajama,295791.0,2058881.0,315.0,,climática,Automática,,,
4931,Sabaneta,259257.0,2100487.0,686.0,,climática,Automática,,,
6694,El Pinar,233650.0,2073743.0,719.0,,climática,Automática,,,
4420,Villa Fundación,342000.0,2021300.0,,,climática,Automática,,,
5323,Plaza Cacique,242683.0,2047897.0,125.0,,climática,Automática,,,
5102,Juancho,259206.0,1977363.0,14.0,,climática,Automática,,,
6690,Jimaní,198729.0,2047090.0,52.0,,climática,Automática,,,
6695,Paso Sena,210197.0,2002350.0,110.0,,climática,Automática,,,
7314,Las Petacas,241543.0,2057295.0,960.0,,climática,Automática,,,
